[{"model": "todo_app.contactmessage", "pk": 1, "fields": {"name": "admin", "email": "adminden@gmail.com", "message": "Bu adminden eklendi."}}, {"model": "todo_app.contactmessage", "pk": 2, "fields": {"name": "dilaraa", "email": "dilaraa@gmail.com", "message": "dilara bunu ekledi sitedeen"}}, {"model": "todo_app.contactmessage", "pk": 5, "fields": {"name": "dilaraa", "email": "dilaraa@gmail.com", "message": "dilara bunu ekledi sitedeen"}}, {"model": "todo_app.contactmessage", "pk": 6, "fields": {"name": "dilaraa", "email": "dilaraa@gmail.com", "message": "dilara bunu ekledi sitedeen"}}, {"model": "todo_app.contactmessage", "pk": 7, "fields": {"name": "dilaraa", "email": "dilaraa@gmail.com", "message": "dilara bunu ekledi sitedeen"}}, {"model": "todo_app.contactmessage", "pk": 8, "fields": {"name": "DİLARA", "email": "dilara.tuluce@metu.edu.tr", "message": "hmm"}}, {"model": "todo_app.contactmessage", "pk": 9, "fields": {"name": "bu ne ki", "email": "neki@gmail.com", "message": "neki  ne"}}, {"model": "todo_app.contactmessage", "pk": 10, "fields": {"name": "bu ne ki", "email": "neki@gmail.com", "message": "neki  ne"}}, {"model": "todo_app.contactmessage", "pk": 11, "fields": {"name": "bu ne ki", "email": "neki@gmail.com", "message": "neki  ne"}}, {"model": "todo_app.contactmessage", "pk": 12, "fields": {"name": "bu ne ki", "email": "neki@gmail.com", "message": "neki  ne"}}, {"model": "todo_app.contactmessage", "pk": 13, "fields": {"name": "bu ne ki", "email": "neki@gmail.com", "message": "neki  ne"}}, {"model": "todo_app.contactmessage", "pk": 14, "fields": {"name": "hey", "email": "hey@gmail.com", "message": "hey"}}, {"model": "todo_app.contactmessage", "pk": 15, "fields": {"name": "hey", "email": "hey@gmail.com", "message": "hey"}}, {"model": "todo_app.contactmessage", "pk": 16, "fields": {"name": "hey", "email": "hey@gmail.com", "message": "hey"}}, {"model": "todo_app.contactmessage", "pk": 17, "fields": {"name": "hey", "email": "hey@gmail.com", "message": "hey"}}, {"model": "todo_app.contactmessage", "pk": 18, "fields": {"name": "hey", "email": "hey@gmail.com", "message": "hey"}}, {"model": "todo_app.contactmessage", "pk": 19, "fields": {"name": "hey", "email": "hey@gmail.com", "message": "hey"}}, {"model": "todo_app.contactmessage", "pk": 20, "fields": {"name": "hey", "email": "hey@gmail.com", "message": "hey"}}, {"model": "todo_app.contactmessage", "pk": 21, "fields": {"name": "hey", "email": "hey@gmail.com", "message": "hey"}}, {"model": "todo_app.contactmessage", "pk": 22, "fields": {"name": "hey", "email": "hey@gmail.com", "message": "hey"}}, {"model": "todo_app.contactmessage", "pk": 23, "fields": {"name": "hey", "email": "hey@gmail.com", "message": "hey"}}, {"model": "todo_app.contactmessage", "pk": 24, "fields": {"name": "hey", "email": "hey@gmail.com", "message": "hey"}}, {"model": "todo_app.contactmessage", "pk": 25, "fields": {"name": "hey", "email": "hey@gmail.com", "message": "hey"}}, {"model": "todo_app.contactmessage", "pk": 26, "fields": {"name": "hey", "email": "hey@gmail.com", "message": "hey"}}, {"model": "todo_app.contactmessage", "pk": 27, "fields": {"name": "hey", "email": "hey@gmail.com", "message": "hey"}}, {"model": "todo_app.contactmessage", "pk": 28, "fields": {"name": "hey", "email": "hey@gmail.com", "message": "hey"}}, {"model": "todo_app.contactmessage", "pk": 29, "fields": {"name": "hey", "email": "hey@gmail.com", "message": "hey"}}, {"model": "todo_app.contactmessage", "pk": 30, "fields": {"name": "hey", "email": "hey@gmail.com", "message": "hey"}}, {"model": "todo_app.contactmessage", "pk": 31, "fields": {"name": "oluyo mu", "email": "oluyomu@gmail.com", "message": "oluo muu"}}, {"model": "todo_app.contactmessage", "pk": 32, "fields": {"name": "oluyo mu", "email": "oluyomu@gmail.com", "message": "oluo muu"}}, {"model": "todo_app.contactmessage", "pk": 33, "fields": {"name": "oluyo mu", "email": "oluyomu@gmail.com", "message": "oluo muu"}}, {"model": "todo_app.contactmessage", "pk": 34, "fields": {"name": "bardak", "email": "bardak@gmail.com", "message": "bardak bardak"}}, {"model": "todo_app.contactmessage", "pk": 35, "fields": {"name": "bardak", "email": "bardak@gmail.com", "message": "bardak bardak"}}, {"model": "todo_app.contactmessage", "pk": 36, "fields": {"name": "bardak", "email": "bardak@gmail.com", "message": "bardak bardak"}}, {"model": "todo_app.contactmessage", "pk": 37, "fields": {"name": "bardak", "email": "bardak@gmail.com", "message": "bardak bardak"}}, {"model": "todo_app.contactmessage", "pk": 38, "fields": {"name": "bardak", "email": "bardak@gmail.com", "message": "bardak bardak"}}, {"model": "todo_app.contactmessage", "pk": 39, "fields": {"name": "bardak", "email": "bardak@gmail.com", "message": "bardak bardak"}}, {"model": "todo_app.contactmessage", "pk": 40, "fields": {"name": "hello", "email": "hello@gmail.com", "message": "helloooo"}}, {"model": "todo_app.contactmessage", "pk": 41, "fields": {"name": "hello", "email": "hello@gmail.com", "message": "helloooo"}}, {"model": "todo_app.contactmessage", "pk": 42, "fields": {"name": "hello", "email": "hello@gmail.com", "message": "helloooo"}}, {"model": "todo_app.contactmessage", "pk": 43, "fields": {"name": "hello", "email": "hello@gmail.com", "message": "helloooo"}}, {"model": "todo_app.contactmessage", "pk": 44, "fields": {"name": "hello", "email": "hello@gmail.com", "message": "helloooo"}}, {"model": "todo_app.contactmessage", "pk": 45, "fields": {"name": "hello", "email": "hello@gmail.com", "message": "helloooo"}}, {"model": "todo_app.contactmessage", "pk": 46, "fields": {"name": "hello", "email": "hello@gmail.com", "message": "helloooo"}}, {"model": "todo_app.contactmessage", "pk": 47, "fields": {"name": "deneme", "email": "deneme@gmail.com", "message": "deneme"}}, {"model": "todo_app.contactmessage", "pk": 48, "fields": {"name": "Bora", "email": "bolara@gmail.com", "message": "merabaaaaaa"}}, {"model": "todo_app.contactmessage", "pk": 49, "fields": {"name": "deneme", "email": "deneme@gmail.com", "message": "deneme"}}, {"model": "todo_app.contactmessage", "pk": 50, "fields": {"name": "bnm", "email": "vbnm@gmail.com", "message": "vbnmö@gmai"}}, {"model": "todo_app.contactmessage", "pk": 51, "fields": {"name": "olmuyoo", "email": "dilara.tuluce@metu.edu.tr", "message": "olumuyo muu"}}, {"model": "todo_app.contactmessage", "pk": 52, "fields": {"name": "d", "email": "dilara.tuluce@metu.edu.tr", "message": "d"}}, {"model": "todo_app.contactmessage", "pk": 53, "fields": {"name": "BoRa", "email": "bora@gmail.com", "message": "merabaaaaaa"}}, {"model": "todo_app.contactmessage", "pk": 54, "fields": {"name": "hello", "email": "hello@gmail.com", "message": "helloooo"}}, {"model": "todo_app.contactmessage", "pk": 55, "fields": {"name": "zeynep", "email": "zeynep@gmail.com", "message": "Merhaba ben Zeynep, uygulamanız çok güzel olmuş."}}, {"model": "todo_app.contactmessage", "pk": 56, "fields": {"name": "zeynep", "email": "zeynep@gmail.com", "message": "Merhaba ben Zeynep, uygulamanız çok güzel olmuş."}}, {"model": "todo_app.contactmessage", "pk": 57, "fields": {"name": "zeynep", "email": "zeynep@gmail.com", "message": "Merhaba ben Zeynep, uygulamanız çok güzel olmuş."}}, {"model": "todo_app.contactmessage", "pk": 58, "fields": {"name": "merhaba", "email": "merhaba@gmail.com", "message": "merhabalaaarr"}}, {"model": "todo_app.contactmessage", "pk": 59, "fields": {"name": "merhaba", "email": "merhaba@gmail.com", "message": "merhabalaaarr"}}, {"model": "todo_app.contactmessage", "pk": 60, "fields": {"name": "merhaba", "email": "merhaba@gmail.com", "message": "merhabalaaarr"}}, {"model": "todo_app.contactmessage", "pk": 61, "fields": {"name": "DİLARA", "email": "dilara.tuluce@metu.edu.tr", "message": "czx<"}}, {"model": "todo_app.contactmessage", "pk": 62, "fields": {"name": "mesajj", "email": "mesajjj@gmail.com", "message": "merhaba bu benim mesajım"}}, {"model": "todo_app.contactmessage", "pk": 63, "fields": {"name": "skdclkdsnc", "email": "c@gmail.codm", "message": "sdvd"}}, {"model": "todo_app.contactmessage", "pk": 64, "fields": {"name": "yeeey", "email": "yeeey@gmail.com", "message": "yeyeyeeyeey"}}, {"model": "todo_app.contactmessage", "pk": 65, "fields": {"name": "Mehmet Dizer", "email": "hello@gmail.com", "message": "scdscv"}}, {"model": "todo_app.contactmessage", "pk": 66, "fields": {"name": "Mehmet Dizer", "email": "hello@gmail.com", "message": "scdscv"}}, {"model": "todo_app.contactmessage", "pk": 67, "fields": {"name": "yasin", "email": "yasin@gmail.com", "message": "masaj"}}, {"model": "todo_app.contactmessage", "pk": 68, "fields": {"name": "fds", "email": "sdbchjds@gmail.com", "message": "söncödscj"}}, {"model": "todo_app.contactmessage", "pk": 69, "fields": {"name": "merhaba", "email": "merhaba@gmail.com", "message": "merhabaa"}}, {"model": "todo_logged_in_app.todo", "pk": 2, "fields": {"title": "my first todo", "description": "this is my first time creating todo", "length": 60, "is_finished": false, "creator": 8, "date": "2022-07-29"}}, {"model": "todo_logged_in_app.todo", "pk": 3, "fields": {"title": "this issss new", "description": "new new", "length": 31, "is_finished": false, "creator": 1, "date": "2022-07-29"}}, {"model": "todo_logged_in_app.todo", "pk": 4, "fields": {"title": "dilaras todo", "description": "dilara", "length": 60, "is_finished": true, "creator": 1, "date": "2022-07-29"}}, {"model": "todo_logged_in_app.todo", "pk": 5, "fields": {"title": "technartsın", "description": "başkası", "length": 32, "is_finished": true, "creator": 10, "date": "2022-07-29"}}, {"model": "todo_logged_in_app.todo", "pk": 6, "fields": {"title": "clean technarts", "description": "clean all the windows", "length": 30, "is_finished": false, "creator": 10, "date": "2022-07-29"}}, {"model": "todo_logged_in_app.todo", "pk": 7, "fields": {"title": "new", "description": "new", "length": 45, "is_finished": true, "creator": 1, "date": "2022-07-29"}}, {"model": "todo_logged_in_app.todo", "pk": 8, "fields": {"title": "nrernenrn", "description": "enewnenwnew", "length": 78, "is_finished": false, "creator": 1, "date": "2022-07-29"}}, {"model": "todo_logged_in_app.todo", "pk": 9, "fields": {"title": "kjhg", "description": "çömn", "length": 12, "is_finished": false, "creator": 1, "date": "2022-07-29"}}, {"model": "todo_logged_in_app.todo", "pk": 10, "fields": {"title": "bugün", "description": "bugün eklendi", "length": 45, "is_finished": true, "creator": 1, "date": "2022-07-29"}}, {"model": "todo_logged_in_app.todo", "pk": 11, "fields": {"title": "önceden", "description": "önceden eklendi", "length": 60, "is_finished": false, "creator": 1, "date": "2022-07-27"}}, {"model": "todo_logged_in_app.todo", "pk": 12, "fields": {"title": "abcd", "description": "abcd", "length": 32, "is_finished": true, "creator": 1, "date": "2022-07-29"}}, {"model": "todo_logged_in_app.todo", "pk": 13, "fields": {"title": "avd", "description": "dvd", "length": 324, "is_finished": true, "creator": 1, "date": "2022-07-29"}}, {"model": "todo_logged_in_app.todo", "pk": 14, "fields": {"title": "mavi mavi", "description": "mavi", "length": 60, "is_finished": false, "creator": 1, "date": "2022-07-28"}}, {"model": "todo_logged_in_app.todo", "pk": 15, "fields": {"title": "yeşil yeşil", "description": "yeşil", "length": 60, "is_finished": false, "creator": 1, "date": "2022-07-28"}}, {"model": "todo_logged_in_app.todo", "pk": 16, "fields": {"title": "iki gün önce", "description": "iki gün önceee", "length": 54, "is_finished": false, "creator": 1, "date": "2022-07-27"}}, {"model": "todo_logged_in_app.todo", "pk": 17, "fields": {"title": "iki iki", "description": "iki gün önce", "length": 60, "is_finished": false, "creator": 1, "date": "2022-07-07"}}, {"model": "todo_logged_in_app.todo", "pk": 18, "fields": {"title": "beş gün önce", "description": "beş gün öncede kalmış (yapılmış)", "length": 40, "is_finished": true, "creator": 1, "date": "2022-07-24"}}, {"model": "todo_logged_in_app.todo", "pk": 19, "fields": {"title": "beşşş", "description": "beş günnn (yapılmamış)", "length": 60, "is_finished": false, "creator": 1, "date": "2022-07-24"}}, {"model": "todo_logged_in_app.todo", "pk": 20, "fields": {"title": "beş beş", "description": "beş gün önce (yapılmamamış)", "length": 20, "is_finished": false, "creator": 1, "date": "2022-07-24"}}, {"model": "todo_logged_in_app.todo", "pk": 21, "fields": {"title": "hey", "description": "hey", "length": 28, "is_finished": false, "creator": 1, "date": "2022-07-29"}}, {"model": "todo_logged_in_app.todo", "pk": 24, "fields": {"title": "vvbn", "description": "bn", "length": 5, "is_finished": true, "creator": 1, "date": "2022-07-31"}}, {"model": "todo_logged_in_app.todo", "pk": 25, "fields": {"title": "masanı sil", "description": "masa masa", "length": 65, "is_finished": false, "creator": 1, "date": "2022-07-31"}}, {"model": "todo_logged_in_app.todo", "pk": 26, "fields": {"title": "ayın 30 u", "description": "ayın 30uu", "length": 60, "is_finished": false, "creator": 1, "date": "2022-07-30"}}, {"model": "todo_logged_in_app.todo", "pk": 27, "fields": {"title": "ayın 30 uu", "description": "ayın 30 u", "length": 60, "is_finished": true, "creator": 1, "date": "2022-07-30"}}, {"model": "todo_logged_in_app.todo", "pk": 28, "fields": {"title": "ayın 30 30 uu", "description": "30 u", "length": 60, "is_finished": false, "creator": 1, "date": "2022-07-30"}}, {"model": "todo_logged_in_app.todo", "pk": 29, "fields": {"title": "ayın 28 i", "description": "ayın 28 i", "length": 30, "is_finished": false, "creator": 1, "date": "2022-07-28"}}, {"model": "todo_logged_in_app.todo", "pk": 30, "fields": {"title": "ayın 28 ii", "description": "ayın 28 i", "length": 57, "is_finished": false, "creator": 1, "date": "2022-07-28"}}, {"model": "todo_logged_in_app.todo", "pk": 31, "fields": {"title": "ayın 28 ii,", "description": "ayın 28iii", "length": 62, "is_finished": true, "creator": 1, "date": "2022-07-28"}}, {"model": "todo_logged_in_app.todo", "pk": 32, "fields": {"title": "ayın 27 si", "description": "ayın 27 si", "length": 57, "is_finished": true, "creator": 1, "date": "2022-07-27"}}, {"model": "todo_logged_in_app.todo", "pk": 33, "fields": {"title": "ayın 27 sii", "description": "ayın 27 sii", "length": 61, "is_finished": true, "creator": 1, "date": "2022-07-27"}}, {"model": "todo_logged_in_app.todo", "pk": 34, "fields": {"title": "ayın 27 siii", "description": "ayın 27 siii", "length": 64, "is_finished": false, "creator": 1, "date": "2022-07-27"}}, {"model": "todo_logged_in_app.todo", "pk": 35, "fields": {"title": "26 sı", "description": "26 sı", "length": 60, "is_finished": true, "creator": 1, "date": "2022-07-26"}}, {"model": "todo_logged_in_app.todo", "pk": 36, "fields": {"title": "25 i", "description": "25 i", "length": 60, "is_finished": false, "creator": 1, "date": "2022-07-25"}}, {"model": "todo_logged_in_app.todo", "pk": 37, "fields": {"title": "25 i", "description": "25 i", "length": 60, "is_finished": true, "creator": 1, "date": "2022-07-25"}}, {"model": "todo_logged_in_app.todo", "pk": 38, "fields": {"title": "drink lemonade", "description": "lemon lemon", "length": 31, "is_finished": true, "creator": 1, "date": "2022-07-31"}}, {"model": "todo_logged_in_app.todo", "pk": 39, "fields": {"title": "beni ye", "description": "nom nom", "length": 999999999999, "is_finished": false, "creator": 1, "date": "2022-07-31"}}, {"model": "todo_logged_in_app.todo", "pk": 40, "fields": {"title": "Study ceng111", "description": "pointers, linked lists", "length": 50, "is_finished": true, "creator": 1, "date": "2022-08-01"}}, {"model": "todo_logged_in_app.todo", "pk": 41, "fields": {"title": "Clean your computer", "description": "delete redundant apps, and school files", "length": 20, "is_finished": true, "creator": 1, "date": "2022-08-01"}}, {"model": "todo_logged_in_app.todo", "pk": 42, "fields": {"title": "Water the flowers", "description": "one cup for each", "length": 10, "is_finished": false, "creator": 1, "date": "2022-08-01"}}, {"model": "todo_logged_in_app.todo", "pk": 43, "fields": {"title": "Yoga", "description": "work on back stretch and flexibility", "length": 35, "is_finished": false, "creator": 1, "date": "2022-08-01"}}, {"model": "todo_logged_in_app.todo", "pk": 44, "fields": {"title": "Watch the documentary", "description": "Take notes while watching", "length": 22, "is_finished": false, "creator": 1, "date": "2022-08-01"}}, {"model": "todo_logged_in_app.todo", "pk": 45, "fields": {"title": "Get dressed for dinner", "description": "Iron your black skirt and dressed", "length": 23, "is_finished": false, "creator": 1, "date": "2022-08-01"}}, {"model": "todo_logged_in_app.todo", "pk": 49, "fields": {"title": "asd", "description": "as", "length": 34, "is_finished": false, "creator": 1, "date": "2022-08-02"}}, {"model": "todo_logged_in_app.todo", "pk": 64, "fields": {"title": "fdvf", "description": "vf", "length": 54, "is_finished": true, "creator": 1, "date": "2022-08-03"}}, {"model": "todo_logged_in_app.todo", "pk": 66, "fields": {"title": "aaa", "description": "aaa", "length": 34, "is_finished": false, "creator": 1, "date": "2022-08-03"}}, {"model": "todo_logged_in_app.todo", "pk": 67, "fields": {"title": "Water plants", "description": "dvdf", "length": 43, "is_finished": false, "creator": 1, "date": "2022-08-03"}}, {"model": "admin.logentry", "pk": 1, "fields": {"action_time": "2022-07-25T08:06:22.899Z", "user": 1, "content_type": 7, "object_id": "1", "object_repr": "user1", "action_flag": 1, "change_message": "[{\"added\": {}}]"}}, {"model": "admin.logentry", "pk": 2, "fields": {"action_time": "2022-07-25T08:06:38.021Z", "user": 1, "content_type": 7, "object_id": "2", "object_repr": "user2", "action_flag": 1, "change_message": "[{\"added\": {}}]"}}, {"model": "admin.logentry", "pk": 3, "fields": {"action_time": "2022-07-27T08:19:21.664Z", "user": 1, "content_type": 8, "object_id": "1", "object_repr": "first todo", "action_flag": 1, "change_message": "[{\"added\": {}}]"}}, {"model": "admin.logentry", "pk": 4, "fields": {"action_time": "2022-07-28T12:41:48.008Z", "user": 1, "content_type": 8, "object_id": "23", "object_repr": "yapılacak", "action_flag": 3, "change_message": ""}}, {"model": "admin.logentry", "pk": 5, "fields": {"action_time": "2022-07-28T12:41:51.351Z", "user": 1, "content_type": 8, "object_id": "21", "object_repr": "Clean the computer", "action_flag": 3, "change_message": ""}}, {"model": "admin.logentry", "pk": 6, "fields": {"action_time": "2022-07-28T12:41:55.187Z", "user": 1, "content_type": 8, "object_id": "20", "object_repr": "dfgh", "action_flag": 3, "change_message": ""}}, {"model": "admin.logentry", "pk": 7, "fields": {"action_time": "2022-07-28T12:41:58.000Z", "user": 1, "content_type": 8, "object_id": "19", "object_repr": "merhaba", "action_flag": 3, "change_message": ""}}, {"model": "admin.logentry", "pk": 8, "fields": {"action_time": "2022-07-28T12:45:12.331Z", "user": 1, "content_type": 8, "object_id": "1", "object_repr": "my first todo", "action_flag": 1, "change_message": "[{\"added\": {}}]"}}, {"model": "admin.logentry", "pk": 9, "fields": {"action_time": "2022-07-28T12:46:38.745Z", "user": 1, "content_type": 8, "object_id": "2", "object_repr": "my first todo", "action_flag": 1, "change_message": "[{\"added\": {}}]"}}, {"model": "admin.logentry", "pk": 10, "fields": {"action_time": "2022-07-28T13:06:38.423Z", "user": 1, "content_type": 8, "object_id": "4", "object_repr": "dilaras todo", "action_flag": 1, "change_message": "[{\"added\": {}}]"}}, {"model": "admin.logentry", "pk": 11, "fields": {"action_time": "2022-07-28T13:07:10.901Z", "user": 1, "content_type": 8, "object_id": "5", "object_repr": "technartsın", "action_flag": 1, "change_message": "[{\"added\": {}}]"}}, {"model": "admin.logentry", "pk": 12, "fields": {"action_time": "2022-07-29T08:42:13.063Z", "user": 1, "content_type": 8, "object_id": "11", "object_repr": "önceden", "action_flag": 1, "change_message": "[{\"added\": {}}]"}}, {"model": "admin.logentry", "pk": 13, "fields": {"action_time": "2022-07-29T11:36:23.262Z", "user": 1, "content_type": 8, "object_id": "14", "object_repr": "mavi mavi", "action_flag": 1, "change_message": "[{\"added\": {}}]"}}, {"model": "admin.logentry", "pk": 14, "fields": {"action_time": "2022-07-29T11:36:33.583Z", "user": 1, "content_type": 8, "object_id": "14", "object_repr": "mavi mavi", "action_flag": 2, "change_message": "[]"}}, {"model": "admin.logentry", "pk": 15, "fields": {"action_time": "2022-07-29T11:36:53.621Z", "user": 1, "content_type": 8, "object_id": "15", "object_repr": "yeşil yeşil", "action_flag": 1, "change_message": "[{\"added\": {}}]"}}, {"model": "admin.logentry", "pk": 16, "fields": {"action_time": "2022-07-29T11:58:41.240Z", "user": 1, "content_type": 8, "object_id": "16", "object_repr": "iki gün önce", "action_flag": 1, "change_message": "[{\"added\": {}}]"}}, {"model": "admin.logentry", "pk": 17, "fields": {"action_time": "2022-07-29T11:58:59.017Z", "user": 1, "content_type": 8, "object_id": "17", "object_repr": "iki iki", "action_flag": 1, "change_message": "[{\"added\": {}}]"}}, {"model": "admin.logentry", "pk": 18, "fields": {"action_time": "2022-07-29T12:40:52.371Z", "user": 1, "content_type": 8, "object_id": "18", "object_repr": "beş gün önce", "action_flag": 1, "change_message": "[{\"added\": {}}]"}}, {"model": "admin.logentry", "pk": 19, "fields": {"action_time": "2022-07-29T12:41:13.738Z", "user": 1, "content_type": 8, "object_id": "19", "object_repr": "beşşş", "action_flag": 1, "change_message": "[{\"added\": {}}]"}}, {"model": "admin.logentry", "pk": 20, "fields": {"action_time": "2022-07-29T12:41:40.819Z", "user": 1, "content_type": 8, "object_id": "20", "object_repr": "beş beş", "action_flag": 1, "change_message": "[{\"added\": {}}]"}}, {"model": "admin.logentry", "pk": 21, "fields": {"action_time": "2022-07-31T09:42:11.077Z", "user": 1, "content_type": 8, "object_id": "26", "object_repr": "ayın 30 u", "action_flag": 1, "change_message": "[{\"added\": {}}]"}}, {"model": "admin.logentry", "pk": 22, "fields": {"action_time": "2022-07-31T09:42:24.021Z", "user": 1, "content_type": 8, "object_id": "27", "object_repr": "ayın 30 uu", "action_flag": 1, "change_message": "[{\"added\": {}}]"}}, {"model": "admin.logentry", "pk": 23, "fields": {"action_time": "2022-07-31T09:42:38.852Z", "user": 1, "content_type": 8, "object_id": "28", "object_repr": "ayın 30 30 uu", "action_flag": 1, "change_message": "[{\"added\": {}}]"}}, {"model": "admin.logentry", "pk": 24, "fields": {"action_time": "2022-07-31T09:42:48.634Z", "user": 1, "content_type": 8, "object_id": "27", "object_repr": "ayın 30 uu", "action_flag": 2, "change_message": "[{\"changed\": {\"fields\": [\"Date\"]}}]"}}, {"model": "admin.logentry", "pk": 25, "fields": {"action_time": "2022-07-31T09:59:17.792Z", "user": 1, "content_type": 8, "object_id": "29", "object_repr": "ayın 28 i", "action_flag": 1, "change_message": "[{\"added\": {}}]"}}, {"model": "admin.logentry", "pk": 26, "fields": {"action_time": "2022-07-31T09:59:37.099Z", "user": 1, "content_type": 8, "object_id": "30", "object_repr": "ayın 28 ii", "action_flag": 1, "change_message": "[{\"added\": {}}]"}}, {"model": "admin.logentry", "pk": 27, "fields": {"action_time": "2022-07-31T10:00:03.240Z", "user": 1, "content_type": 8, "object_id": "31", "object_repr": "ayın 28 ii,", "action_flag": 1, "change_message": "[{\"added\": {}}]"}}, {"model": "admin.logentry", "pk": 28, "fields": {"action_time": "2022-07-31T10:00:36.819Z", "user": 1, "content_type": 8, "object_id": "32", "object_repr": "ayın 27 si", "action_flag": 1, "change_message": "[{\"added\": {}}]"}}, {"model": "admin.logentry", "pk": 29, "fields": {"action_time": "2022-07-31T10:00:55.173Z", "user": 1, "content_type": 8, "object_id": "33", "object_repr": "ayın 27 sii", "action_flag": 1, "change_message": "[{\"added\": {}}]"}}, {"model": "admin.logentry", "pk": 30, "fields": {"action_time": "2022-07-31T10:01:21.007Z", "user": 1, "content_type": 8, "object_id": "34", "object_repr": "ayın 27 siii", "action_flag": 1, "change_message": "[{\"added\": {}}]"}}, {"model": "admin.logentry", "pk": 31, "fields": {"action_time": "2022-07-31T10:01:45.486Z", "user": 1, "content_type": 8, "object_id": "29", "object_repr": "ayın 28 i", "action_flag": 2, "change_message": "[{\"changed\": {\"fields\": [\"Is finished\"]}}]"}}, {"model": "admin.logentry", "pk": 32, "fields": {"action_time": "2022-07-31T10:03:07.969Z", "user": 1, "content_type": 8, "object_id": "35", "object_repr": "26 sı", "action_flag": 1, "change_message": "[{\"added\": {}}]"}}, {"model": "admin.logentry", "pk": 33, "fields": {"action_time": "2022-07-31T10:03:23.955Z", "user": 1, "content_type": 8, "object_id": "36", "object_repr": "25 i", "action_flag": 1, "change_message": "[{\"added\": {}}]"}}, {"model": "admin.logentry", "pk": 34, "fields": {"action_time": "2022-07-31T10:03:35.696Z", "user": 1, "content_type": 8, "object_id": "37", "object_repr": "25 i", "action_flag": 1, "change_message": "[{\"added\": {}}]"}}, {"model": "admin.logentry", "pk": 35, "fields": {"action_time": "2022-08-02T11:21:47.537Z", "user": 1, "content_type": 9, "object_id": "1", "object_repr": "admin", "action_flag": 1, "change_message": "[{\"added\": {}}]"}}, {"model": "admin.logentry", "pk": 36, "fields": {"action_time": "2022-08-02T11:28:38.009Z", "user": 1, "content_type": 9, "object_id": "4", "object_repr": "dilaraa", "action_flag": 3, "change_message": ""}}, {"model": "admin.logentry", "pk": 37, "fields": {"action_time": "2022-08-02T11:28:38.011Z", "user": 1, "content_type": 9, "object_id": "3", "object_repr": "dilaraa", "action_flag": 3, "change_message": ""}}, {"model": "auth.permission", "pk": 1, "fields": {"name": "Can add log entry", "content_type": 1, "codename": "add_logentry"}}, {"model": "auth.permission", "pk": 2, "fields": {"name": "Can change log entry", "content_type": 1, "codename": "change_logentry"}}, {"model": "auth.permission", "pk": 3, "fields": {"name": "Can delete log entry", "content_type": 1, "codename": "delete_logentry"}}, {"model": "auth.permission", "pk": 4, "fields": {"name": "Can view log entry", "content_type": 1, "codename": "view_logentry"}}, {"model": "auth.permission", "pk": 5, "fields": {"name": "Can add permission", "content_type": 2, "codename": "add_permission"}}, {"model": "auth.permission", "pk": 6, "fields": {"name": "Can change permission", "content_type": 2, "codename": "change_permission"}}, {"model": "auth.permission", "pk": 7, "fields": {"name": "Can delete permission", "content_type": 2, "codename": "delete_permission"}}, {"model": "auth.permission", "pk": 8, "fields": {"name": "Can view permission", "content_type": 2, "codename": "view_permission"}}, {"model": "auth.permission", "pk": 9, "fields": {"name": "Can add group", "content_type": 3, "codename": "add_group"}}, {"model": "auth.permission", "pk": 10, "fields": {"name": "Can change group", "content_type": 3, "codename": "change_group"}}, {"model": "auth.permission", "pk": 11, "fields": {"name": "Can delete group", "content_type": 3, "codename": "delete_group"}}, {"model": "auth.permission", "pk": 12, "fields": {"name": "Can view group", "content_type": 3, "codename": "view_group"}}, {"model": "auth.permission", "pk": 13, "fields": {"name": "Can add user", "content_type": 4, "codename": "add_user"}}, {"model": "auth.permission", "pk": 14, "fields": {"name": "Can change user", "content_type": 4, "codename": "change_user"}}, {"model": "auth.permission", "pk": 15, "fields": {"name": "Can delete user", "content_type": 4, "codename": "delete_user"}}, {"model": "auth.permission", "pk": 16, "fields": {"name": "Can view user", "content_type": 4, "codename": "view_user"}}, {"model": "auth.permission", "pk": 17, "fields": {"name": "Can add content type", "content_type": 5, "codename": "add_contenttype"}}, {"model": "auth.permission", "pk": 18, "fields": {"name": "Can change content type", "content_type": 5, "codename": "change_contenttype"}}, {"model": "auth.permission", "pk": 19, "fields": {"name": "Can delete content type", "content_type": 5, "codename": "delete_contenttype"}}, {"model": "auth.permission", "pk": 20, "fields": {"name": "Can view content type", "content_type": 5, "codename": "view_contenttype"}}, {"model": "auth.permission", "pk": 21, "fields": {"name": "Can add session", "content_type": 6, "codename": "add_session"}}, {"model": "auth.permission", "pk": 22, "fields": {"name": "Can change session", "content_type": 6, "codename": "change_session"}}, {"model": "auth.permission", "pk": 23, "fields": {"name": "Can delete session", "content_type": 6, "codename": "delete_session"}}, {"model": "auth.permission", "pk": 24, "fields": {"name": "Can view session", "content_type": 6, "codename": "view_session"}}, {"model": "auth.permission", "pk": 25, "fields": {"name": "Can add user", "content_type": 7, "codename": "add_user"}}, {"model": "auth.permission", "pk": 26, "fields": {"name": "Can change user", "content_type": 7, "codename": "change_user"}}, {"model": "auth.permission", "pk": 27, "fields": {"name": "Can delete user", "content_type": 7, "codename": "delete_user"}}, {"model": "auth.permission", "pk": 28, "fields": {"name": "Can view user", "content_type": 7, "codename": "view_user"}}, {"model": "auth.permission", "pk": 29, "fields": {"name": "Can add todo", "content_type": 8, "codename": "add_todo"}}, {"model": "auth.permission", "pk": 30, "fields": {"name": "Can change todo", "content_type": 8, "codename": "change_todo"}}, {"model": "auth.permission", "pk": 31, "fields": {"name": "Can delete todo", "content_type": 8, "codename": "delete_todo"}}, {"model": "auth.permission", "pk": 32, "fields": {"name": "Can view todo", "content_type": 8, "codename": "view_todo"}}, {"model": "auth.permission", "pk": 33, "fields": {"name": "Can add contact message", "content_type": 9, "codename": "add_contactmessage"}}, {"model": "auth.permission", "pk": 34, "fields": {"name": "Can change contact message", "content_type": 9, "codename": "change_contactmessage"}}, {"model": "auth.permission", "pk": 35, "fields": {"name": "Can delete contact message", "content_type": 9, "codename": "delete_contactmessage"}}, {"model": "auth.permission", "pk": 36, "fields": {"name": "Can view contact message", "content_type": 9, "codename": "view_contactmessage"}}, {"model": "auth.user", "pk": 1, "fields": {"password": "pbkdf2_sha256$320000$kNIyqRsKR1U5c2Dd4njlhM$AFLEpObDA5QyugxBvGSe3nFlhwJlnDYFjnQlnI248d0=", "last_login": "2022-08-03T16:21:01.743Z", "is_superuser": true, "username": "dilara", "first_name": "", "last_name": "", "email": "dilaratuluce@gmail.com", "is_staff": true, "is_active": true, "date_joined": "2022-07-19T07:37:11.222Z", "groups": [], "user_permissions": []}}, {"model": "auth.user", "pk": 2, "fields": {"password": "pbkdf2_sha256$320000$d32veGXCRYBXEVAYfEwJzP$b+5RWo9Rx3ywIkyqgOYtcj+6UoQkuj0WKWH5VjzGjKM=", "last_login": null, "is_superuser": false, "username": "dilaratuluce", "first_name": "", "last_name": "", "email": "dilara.tuluce@metu.edu.tr", "is_staff": false, "is_active": true, "date_joined": "2022-07-26T09:32:51.051Z", "groups": [], "user_permissions": []}}, {"model": "auth.user", "pk": 3, "fields": {"password": "pbkdf2_sha256$320000$CwBJUFJ5w0iGF3RX10rTpB$MqyoD4JajeND/Hi7+zMqVo6+nf9Z7Fr7AeQ2GQwdB9M=", "last_login": null, "is_superuser": false, "username": "dilara.tuluce", "first_name": "", "last_name": "", "email": "dilara.tuluce@metu.edu.tr", "is_staff": false, "is_active": true, "date_joined": "2022-07-26T09:33:32.803Z", "groups": [], "user_permissions": []}}, {"model": "auth.user", "pk": 4, "fields": {"password": "pbkdf2_sha256$320000$ZaUqE2uqQBM5eqnej7yInA$5hkeF7GceMAX1ZDb8dn9eRiMrZ3UWiipLV6kxZ0BoPQ=", "last_login": null, "is_superuser": false, "username": "bendilara", "first_name": "", "last_name": "", "email": "dilara@gmail.com", "is_staff": false, "is_active": true, "date_joined": "2022-07-26T09:34:25.526Z", "groups": [], "user_permissions": []}}, {"model": "auth.user", "pk": 5, "fields": {"password": "pbkdf2_sha256$320000$z8S03sraLiXhqgw8NUB7t6$P/93h+elM1Bq9F2d4eMBr2C1dHunUu5cFKFDfxMLCcE=", "last_login": "2022-07-26T09:44:24.872Z", "is_superuser": false, "username": "ali", "first_name": "", "last_name": "", "email": "ali@gmail.com", "is_staff": false, "is_active": true, "date_joined": "2022-07-26T09:44:24.700Z", "groups": [], "user_permissions": []}}, {"model": "auth.user", "pk": 6, "fields": {"password": "pbkdf2_sha256$320000$Zb0hRpSasPoP2fT8QaZiev$yNUPV6DMN21OFv+1c8iPMYBmgMpOxsinomFd5sjk1io=", "last_login": "2022-07-26T11:15:20.984Z", "is_superuser": false, "username": "helloo", "first_name": "", "last_name": "", "email": "helloo@gmail.com", "is_staff": false, "is_active": true, "date_joined": "2022-07-26T11:15:20.805Z", "groups": [], "user_permissions": []}}, {"model": "auth.user", "pk": 7, "fields": {"password": "pbkdf2_sha256$320000$VsfaFNXI7uXpvX4usThbyw$xFjrYVxVOA8KSqjx3cpk4qcqja7nzGWZ93ZYXZ1xnWY=", "last_login": "2022-07-26T11:16:12.053Z", "is_superuser": false, "username": "sdvcs", "first_name": "", "last_name": "", "email": "dvfds@slmd.com", "is_staff": false, "is_active": true, "date_joined": "2022-07-26T11:16:11.886Z", "groups": [], "user_permissions": []}}, {"model": "auth.user", "pk": 8, "fields": {"password": "pbkdf2_sha256$320000$7q9brNQjkZsEnWAJEbKlAS$zV0LhWez7JDsCvyKhI3fh1OEjKsVyes4G+3oIxd1YJk=", "last_login": "2022-07-26T11:19:46.903Z", "is_superuser": false, "username": "merhabalar", "first_name": "", "last_name": "", "email": "merhabalar@gmail.com", "is_staff": false, "is_active": true, "date_joined": "2022-07-26T11:19:46.735Z", "groups": [], "user_permissions": []}}, {"model": "auth.user", "pk": 9, "fields": {"password": "pbkdf2_sha256$320000$IKBDRzTkkhxwvYfwdP04R1$paRscL6ZAHvIvQjF+VoRveL2KuOp5dbcMG+Rro3jy8k=", "last_login": "2022-07-26T18:50:06.830Z", "is_superuser": false, "username": "ayse", "first_name": "", "last_name": "", "email": "ayse@gmail.com", "is_staff": false, "is_active": true, "date_joined": "2022-07-26T18:50:06.663Z", "groups": [], "user_permissions": []}}, {"model": "auth.user", "pk": 10, "fields": {"password": "pbkdf2_sha256$320000$8lSCaf3huC8itrIXd0N79n$wt1FlwqHizqsUp23nPAcrcfgIsefa5l/RrGpttywx0c=", "last_login": "2022-07-29T06:56:15.806Z", "is_superuser": false, "username": "technarts", "first_name": "", "last_name": "", "email": "technarts@gmail.com", "is_staff": false, "is_active": true, "date_joined": "2022-07-28T09:42:15.233Z", "groups": [], "user_permissions": []}}, {"model": "auth.user", "pk": 11, "fields": {"password": "pbkdf2_sha256$320000$B3d2dk3Pfg6GLTZVO9BV7o$vDFweFpTL16spUK6vRV2BdCHhJ83CrSNJvhphL5IFkw=", "last_login": "2022-08-03T07:53:25.551Z", "is_superuser": false, "username": "dilaratuluceee", "first_name": "", "last_name": "", "email": "dilaratuluceee@gmail.com", "is_staff": false, "is_active": true, "date_joined": "2022-08-03T07:53:25.385Z", "groups": [], "user_permissions": []}}, {"model": "auth.user", "pk": 12, "fields": {"password": "pbkdf2_sha256$320000$w9J7G6stsxChAULKtfjgsH$AEgQzotTAWWsKqKG7d49ZsY/rvgp3jIih2oCkzrsEfA=", "last_login": "2022-08-03T10:09:02.567Z", "is_superuser": false, "username": "hellodarkness", "first_name": "", "last_name": "", "email": "hellodarkness@gmail.com", "is_staff": false, "is_active": true, "date_joined": "2022-08-03T10:09:02.396Z", "groups": [], "user_permissions": []}}, {"model": "auth.user", "pk": 13, "fields": {"password": "pbkdf2_sha256$320000$qz32X17p02CjmMS4i9LFZp$Af7QIdTiBSQ3eBY3YcOb1umB8zIeS39h3qHZ6bf0RME=", "last_login": "2022-08-03T10:33:14.852Z", "is_superuser": false, "username": "realperson", "first_name": "", "last_name": "", "email": "realperson@gmail.com", "is_staff": false, "is_active": true, "date_joined": "2022-08-03T10:33:14.683Z", "groups": [], "user_permissions": []}}, {"model": "contenttypes.contenttype", "pk": 1, "fields": {"app_label": "admin", "model": "logentry"}}, {"model": "contenttypes.contenttype", "pk": 2, "fields": {"app_label": "auth", "model": "permission"}}, {"model": "contenttypes.contenttype", "pk": 3, "fields": {"app_label": "auth", "model": "group"}}, {"model": "contenttypes.contenttype", "pk": 4, "fields": {"app_label": "auth", "model": "user"}}, {"model": "contenttypes.contenttype", "pk": 5, "fields": {"app_label": "contenttypes", "model": "contenttype"}}, {"model": "contenttypes.contenttype", "pk": 6, "fields": {"app_label": "sessions", "model": "session"}}, {"model": "contenttypes.contenttype", "pk": 7, "fields": {"app_label": "todo_app", "model": "user"}}, {"model": "contenttypes.contenttype", "pk": 8, "fields": {"app_label": "todo_logged_in_app", "model": "todo"}}, {"model": "contenttypes.contenttype", "pk": 9, "fields": {"app_label": "todo_app", "model": "contactmessage"}}, {"model": "sessions.session", "pk": "5skl1di7bh4cttu3h23v9q0fbsdut7qx", "fields": {"session_data": ".eJxVjDsOwjAQBe_iGll2HP8o6TmD5d314gBypDipEHeHSCmgfTPzXiLlba1p62VJE4mz0OL0u0HGR2k7oHtut1ni3NZlArkr8qBdXmcqz8vh_h3U3Ou3jgyD8oGJCCLiQCZg9Er7WJgzOBXYWxfIxIIGLFpnRyYPIxutgYJ4fwAIWjiy:1oDhoJ:rL34apSbNYPwp9hD8b0g9ee5nrlQxUo8IgzVKpXqo00", "expire_date": "2022-08-02T07:38:27.976Z"}}, {"model": "sessions.session", "pk": "7lvf0j36w0tyrgq4wx6d1g0j8u423np0", "fields": {"session_data": ".eJxVjDsOwjAQBe_iGll2HP8o6TmD5d314gBypDipEHeHSCmgfTPzXiLlba1p62VJE4mz0OL0u0HGR2k7oHtut1ni3NZlArkr8qBdXmcqz8vh_h3U3Ou3jgyD8oGJCCLiQCZg9Er7WJgzOBXYWxfIxIIGLFpnRyYPIxutgYJ4fwAIWjiy:1oJH7F:yG0VDvaLuTif_Y86Na0ptOEG1upTPs0Sv303PY5gKVU", "expire_date": "2022-08-17T16:21:01.746Z"}}, {"model": "sessions.session", "pk": "m9jqqnislb0ckle95gi9oov5jglnvzqx", "fields": {"session_data": ".eJxVjDsOwjAQBe_iGll2HP8o6TmD5d314gBypDipEHeHSCmgfTPzXiLlba1p62VJE4mz0OL0u0HGR2k7oHtut1ni3NZlArkr8qBdXmcqz8vh_h3U3Ou3jgyD8oGJCCLiQCZg9Er7WJgzOBXYWxfIxIIGLFpnRyYPIxutgYJ4fwAIWjiy:1oFt1E:ukqSzFrzpG2DVPdx0EMM_DjTUwU2pqZkh6t9koP13_Y", "expire_date": "2022-08-08T08:00:48.185Z"}}]